<?xml version="1.0" encoding="utf-8"?>
<odoo >

    <record id="ir_cron_check_facturable" model="ir.cron">
        <field name="name">Check Facturable</field>
        <field name="interval_number">30</field>
        <field name="interval_type">minutes</field>
        <field name="numbercall">-1</field>
        <field eval="False" name="doall"/>
        <field eval="True" name="active"/>
        <field name="model_id" ref="sale.model_sale_order_line" />
        <field name="state">code</field>
        <field name="code">
p=env['sale.order.line'].search([['qty_invoiced','=',0],['facturable','=',0]])
for pi in p:
    pi.f()</field>
    </record>


    <record id="ir_cron_check_facturable_v2" model="ir.cron">
        <field name="name">Check Facturable All</field>
        <field name="interval_number">1</field>
        <field name="interval_type">days</field>
        <field name="numbercall">-1</field>
        <field name="nextcall" eval="datetime.now(pytz.timezone('UTC')).strftime('%Y-%m-%d 04:59:59')"/>
        <field eval="False" name="doall"/>
        <field eval="True" name="active"/>
        <field name="model_id" ref="sale.model_sale_order_line" />
        <field name="state">code</field>
        <field name="code">
p=env['sale.order.line'].search([['qty_invoiced','=',0]])
for pi in p:
    pi.f()</field>
    </record>


    <record id="ir_cron_check_promo" model="ir.cron">
        <field name="name">Check promo</field>
        <field name="interval_number">1</field>
        <field name="interval_type">days</field>
        <field name="numbercall">-1</field>
        <field eval="False" name="doall"/>
        <field name="nextcall" eval="datetime.now(pytz.timezone('UTC')).strftime('%Y-%m-%d 04:59:59')"/>
        <field eval="True" name="active"/>
        <field name="model_id" ref="sale.model_sale_order" />
        <field name="state">code</field>
        <field name="code">
pi=model.search([['promocion','=',True]])
for pick in pi:
  pi.promo()
</field>
    </record>

</odoo>