id,name,model_id:id,group_id:id,perm_read,perm_write,perm_create,perm_unlink
access_product_suggested,product.suggested,model_product_suggested,base.group_user,1,1,1,1
access_product_codigos,product.codigos,model_product_codigos,,1,1,1,1
access_sale_confirm_limite_credito,access.confirm.sale.excede.limite.credito,OLA.model_sale_order_alerta_limite_credito,group_confirm_sale_excede_limite_credito,1,1,1,1
access_stock_picking_validate,access.stock.picking.validate,OLA.model_stock_picking_validate,stock.group_stock_user,1,1,1,1
access_stock_picking_print,access.stock.picking.print,OLA.model_stock_picking_print,stock.group_stock_user,1,1,1,1
access_sale_order_alerta_descuento,access.sale.order.alerta.descuento,OLA.model_sale_order_alerta_descuento,base.group_user,1,1,1,1
access_stock_picking_registro,access.stock.picking.registro,OLA.model_registro_operation,stock.group_stock_user,1,1,1,0
