<?xml version="1.0" encoding="utf-8"?>
<odoo >

    <record id="ir_cron_check_facturable" model="ir.cron">
        <field name="name">Check Facturable</field>
        <field name="interval_number">30</field>
        <field name="interval_type">minutes</field>
        <field name="numbercall">-1</field>
        <field eval="False" name="doall"/>
        <field eval="True" name="active"/>
        <field name="model_id" ref="sale.model_sale_order_line" />
        <field name="state">code</field>
        <field name="code">
p=env['sale.order.line'].search([['qty_invoiced','=',0]])
for pi in p:
    pi.f()</field>
    </record>

</odoo>