<?xml version="1.0" encoding="utf-8"?>
<odoo >

    <record id="ir_cron_check_facturable" model="ir.cron">
        <field name="name">Check payments</field>
        <field name="interval_number">1</field>
        <field name="interval_type">days</field>
        <field name="numbercall">-1</field>
        <field eval="False" name="doall"/>
        <field eval="True" name="active"/>
        <field name="model_id" ref="account.model_account_payment" />
        <field name="state">code</field>
        <field name="code">
pi=env['account.payment'].search([])
for pick in pi:
  pi.actulizaMonneda()
</field>
    </record>

</odoo>